pred_linear,pred_logistic
552.639654862338,1.0
743.6999458269901,1.0
583.3115126195842,1.0
594.8113495986628,1.0
358.70635023318874,1.0
663.2958440875257,1.0
447.5458513411898,1.0
169.21380518129433,1.0
450.4920139773563,1.0
558.7344782487976,1.0
817.8989712642353,1.0
483.74550665985157,1.0
485.92407642622277,1.0
523.2460314049177,1.0
696.8147645767614,1.0
673.8033490217655,1.0
402.57867901493137,1.0
192.19724477315498,1.0
860.3326732999951,1.0
1043.1522773736879,1.0
403.75654046461193,1.0
800.5984619488702,1.0
557.2603850059236,1.0
133.53550968871434,1.0
230.10505819564648,1.0
708.7332027854229,1.0
594.866038498067,1.0
964.0958569486783,1.0
414.6372703082769,1.0
651.391101602624,1.0
733.3351432012066,1.0
662.9852280512458,1.0
551.893062967704,1.0
523.457773295753,1.0
494.2674847674003,1.0
451.17953369475094,1.0
561.5645917878361,1.0
678.7121416367733,1.0
322.8894084464847,1.0
918.173173363185,1.0
427.41855626552706,1.0
-207.71920469425186,0.0
471.46972123152653,1.0
309.63439123050705,1.0
392.1808809264465,1.0
485.51273837907394,1.0
702.5038238094941,1.0
375.8172054887748,1.0
751.7204678068703,1.0
595.8247862332756,1.0
252.98717936202544,1.0
1062.3678108586714,1.0
553.78081316447,1.0
-196.60568008028733,0.0
502.6609053064187,1.0
659.9841918229457,1.0
368.28716906152465,1.0
752.5914300193924,1.0
599.8108507088511,1.0
784.8461003836616,1.0
417.1303627649028,1.0
173.80529690194973,1.0
446.6494468262902,1.0
713.1300609220448,1.0
885.3592173217727,1.0
304.2593007389759,1.0
408.76665532841287,1.0
744.2194575355725,1.0
751.477462214865,1.0
442.8766505054275,1.0
206.51435194361466,1.0
429.4959168300243,1.0
480.16777111459396,1.0
1163.2045634877836,1.0
884.0113664932596,1.0
290.90699380831614,1.0
648.1025841525113,1.0
271.612401791826,1.0
581.6080365621364,1.0
784.3143879467144,1.0
434.35076311566553,1.0
493.30113644771825,1.0
912.5289113936346,1.0
566.0305200025649,1.0
500.14563834217245,1.0
574.1647552059417,1.0
838.654515243467,1.0
538.5060616109763,1.0
559.2703420283964,1.0
588.7471363292624,1.0
367.08480186102946,1.0
669.108946108172,1.0
340.47397669406547,1.0
366.83525959274886,1.0
528.284988394192,1.0
537.8128976244333,1.0
326.22622220898194,1.0
485.1433957328957,1.0
239.88826136504426,1.0
336.8782802072177,1.0
509.4547089246778,1.0
879.381468541864,1.0
543.878426895404,1.0
124.3357984054362,1.0
671.1788669067514,1.0
332.27220500803537,1.0
420.7670518125197,1.0
1038.4745933209551,1.0
371.86448889397815,1.0
364.47939990311124,1.0
324.6381317104904,1.0
423.8525454628255,1.0
200.29388014997033,1.0
283.87805858467016,1.0
560.4253683819808,1.0
462.6695931638353,1.0
453.2777001067233,1.0
841.8159867959685,1.0
212.32836661459837,1.0
690.1292368038368,1.0
509.68442837185773,1.0
513.8748736058748,1.0
575.3725640001239,1.0
828.222492690654,1.0
571.5789065214616,1.0
460.32482211522176,1.0
121.6056662923624,1.0
711.2705775287573,1.0
436.32937943595255,1.0
621.3438308525725,1.0
1101.0133203881937,1.0
730.2248216237056,1.0
769.4525793787442,1.0
328.6484823372641,1.0
624.0602351880001,1.0
221.12953784311708,1.0
258.2860949521316,1.0
635.4730711511007,1.0
227.644557384129,1.0
374.92185320116477,1.0
590.1367229467799,1.0
362.3037342688584,1.0
309.7611739532919,1.0
697.5599512465276,1.0
464.02189506977345,1.0
766.8586631647767,1.0
208.48008677494929,1.0
586.7989085033921,1.0
389.46073568062275,1.0
217.19691407638024,1.0
298.8650999344997,1.0
374.53021878269004,1.0
989.9238259419232,1.0
285.89127417881014,1.0
657.523938419712,1.0
516.0955487250491,1.0
266.12485752382315,1.0
340.3547972249566,1.0
176.57206796651832,1.0
1124.2685324430852,1.0
186.95272102563308,1.0
550.0990149183879,1.0
570.2250809104901,1.0
513.6281461927208,1.0
474.85958503527274,1.0
526.1163553715363,1.0
734.283903824383,1.0
662.9895261767646,1.0
783.9360668061307,1.0
878.017080888795,1.0
897.7908703973834,1.0
637.3003589891202,1.0
613.7840471919517,1.0
390.0411801548408,1.0
698.0737566914457,1.0
578.0786788719865,1.0
434.1291825280864,1.0
955.2080943785982,1.0
471.48275996993345,1.0
88.40331627890798,1.0
505.3592867324082,1.0
642.6638255293411,1.0
313.16470116901365,1.0
261.4840377810163,1.0
646.31419582535,1.0
377.7505311650323,1.0
983.2011435366952,1.0
514.5896511303977,1.0
556.1748195349073,1.0
428.9572439589487,1.0
491.1379969852977,1.0
875.0215473240535,1.0
379.9009055006116,1.0
637.8320053608355,1.0
1067.3295249730124,1.0
311.76983550438547,1.0
388.34088833589334,1.0
512.5126156855746,1.0
827.2095395646116,1.0
249.0358171553379,1.0
295.5188542831767,1.0
441.5415964426743,1.0
802.4557844071777,1.0
711.5790051129093,1.0
261.9583335284188,1.0
562.1835291870201,1.0
847.0819916579516,1.0
499.8777101377735,1.0
721.317178055506,1.0
789.342014353471,1.0
657.4910114448784,1.0
413.44352649003025,1.0
493.76368716008807,1.0
-216.35634377693123,0.0
502.2202125447914,1.0
419.3455842630705,1.0
731.3033571612079,1.0
252.72183696557224,1.0
1213.1387647609945,1.0
546.3122121200686,1.0
442.82986992800255,1.0
625.6633647586636,1.0
318.7077073660985,1.0
530.0871387971782,1.0
524.0651542153078,1.0
628.6251014916076,1.0
599.809229390442,1.0
574.6885368703107,1.0
465.0151497157602,1.0
595.2245738384432,1.0
272.9479005530467,1.0
590.5874107559839,1.0
166.55816511001453,1.0
293.143445829362,1.0
810.5986341471631,1.0
727.6466505493298,1.0
798.2424663733924,1.0
690.8877362583386,1.0
529.4007698535745,1.0
855.6414521817181,1.0
752.7268449299429,1.0
283.7878405200579,1.0
629.9442237203367,1.0
872.8997635159599,1.0
321.9852478442618,1.0
698.1994336747365,1.0
741.3445943767432,1.0
414.42497064908434,1.0
645.8248414900446,1.0
537.9506299097928,1.0
373.384023056029,1.0
852.948201675842,1.0
183.76049213539778,1.0
-216.75401748197322,0.0
452.20244695608176,1.0
426.2350816258027,1.0
923.131464746633,1.0
361.870447151584,1.0
-209.41430999972752,0.0
473.76808274508403,1.0
653.2127671889493,1.0
378.4552744024893,1.0
682.533137098485,1.0
290.2301983809048,1.0
564.5425366901852,1.0
560.2436263511289,1.0
473.11736703306667,1.0
793.0617809412246,1.0
535.8586614684571,1.0
610.1417731350525,1.0
407.8974237821658,1.0
429.47185812836653,1.0
487.92324021429295,1.0
392.06813762011967,1.0
329.67600799103565,1.0
543.0383342601967,1.0
441.66068894247525,1.0
295.37114060337797,1.0
560.49332979761,1.0
519.172625083794,1.0
438.47550128905516,1.0
531.0980409960205,1.0
-202.11058488494706,0.0
512.5703289530966,1.0
717.3249233419336,1.0
344.02587771898226,1.0
526.9608641853936,1.0
475.62691382332235,1.0
367.30275992852387,1.0
390.59679488514814,1.0
598.9656403449292,1.0
429.4299794722871,1.0
435.8348856779245,1.0
859.7123056336291,1.0
783.2008954813097,1.0
323.961982087591,1.0
406.76706204289127,1.0
442.324553513388,1.0
495.5390095600472,1.0
721.6230334219556,1.0
482.2391372663125,1.0
445.94399741121987,1.0
460.7125857299516,1.0
478.90275986010886,1.0
721.5257931146791,1.0
949.5175454578689,1.0
-216.78813218651405,0.0
657.0136376050195,1.0
170.41001616643248,1.0
649.4925335172193,1.0
399.08787367727865,1.0
473.17175710794123,1.0
479.96634629044763,1.0
353.08336485071777,1.0
356.49574466096857,1.0
199.10156957136974,1.0
595.8224261388233,1.0
454.8069703149592,1.0
335.25286188699425,1.0
303.85640418384975,1.0
141.36998458585097,1.0
947.2162169661815,1.0
-198.6698480206569,0.0
363.45570653146865,1.0
1135.7232777582271,1.0
535.7505442085106,1.0
494.974108275891,1.0
455.86724139108367,1.0
177.3362510120555,1.0
357.8967118271506,1.0
1290.3842553326056,1.0
622.9662146955201,1.0
514.6812860726303,1.0
478.8758521940115,1.0
498.34616183827984,1.0
438.90802148790266,1.0
603.8898432383571,1.0
439.8268554561521,1.0
320.01085380433204,1.0
296.44209124094755,1.0
579.4144046418377,1.0
366.7779715282358,1.0
704.1878953189539,1.0
868.2392729501626,1.0
754.58273144574,1.0
408.3777406596001,1.0
319.29114787891604,1.0
931.426072494351,1.0
345.83688220021725,1.0
552.4445353632085,1.0
365.7953609020871,1.0
265.89121655770936,1.0
638.0224342125802,1.0
302.0113596056209,1.0
1082.9506126911006,1.0
328.99432116504414,1.0
582.5241726134939,1.0
524.0571263617711,1.0
-168.22826484376463,0.0
284.9965003049986,1.0
634.4696801846598,1.0
205.7695345743464,1.0
847.3788693258442,1.0
611.1023448473674,1.0
344.60708623686935,1.0
287.33041252528307,1.0
585.8357741932219,1.0
1283.1208431345726,1.0
247.71739052648832,1.0
344.7780114473877,1.0
489.59115659713495,1.0
155.74843880611385,1.0
462.05238790269743,1.0
196.05584031214036,1.0
529.5731873339794,1.0
653.9340593669087,1.0
285.775109316487,1.0
803.590250028882,1.0
403.52044027673793,1.0
150.7220719203388,1.0
655.7502074867355,1.0
370.71073103743333,1.0
418.41848845695927,1.0
332.04688519633066,1.0
870.4861062034526,1.0
908.9409154556249,1.0
432.9672130163825,1.0
655.3307039735134,1.0
427.0892870138465,1.0
790.9853556668633,1.0
243.6668940482137,1.0
806.3440819897104,1.0
485.23400440298974,1.0
808.8197885756986,1.0
421.8883619526452,1.0
621.7888896261223,1.0
836.7572426562647,1.0
725.4966121087318,1.0
180.61482288600104,1.0
657.1217443860779,1.0
481.5263343751694,1.0
-208.93503518199196,0.0
821.9118278795414,1.0
453.4569846650243,1.0
387.49372161618993,1.0
547.6507058981887,1.0
987.5823405568126,1.0
300.39606354485664,1.0
666.6839263377572,1.0
315.80254553340046,1.0
650.1378472711791,1.0
-215.95680240896485,0.0
525.7704274158024,1.0
998.767070234247,1.0
1061.355832061676,1.0
660.3803944643716,1.0
-212.83410515432791,0.0
400.00303189205937,1.0
885.1520552247152,1.0
695.9398296983318,1.0
407.09033901566784,1.0
515.3742036037117,1.0
665.4889083951736,1.0
1066.151407035078,1.0
902.0465542862112,1.0
555.9188154796482,1.0
678.602676782906,1.0
149.25756953721154,1.0
517.4493176818983,1.0
470.4084454846334,1.0
232.28506131642067,1.0
472.9204997086679,1.0
359.8191396001785,1.0
428.51584835865646,1.0
592.4740586217658,1.0
673.3214584844126,1.0
318.2079914774661,1.0
656.8051069775917,1.0
336.5684535927946,1.0
670.308645440009,1.0
252.56680928272166,1.0
945.5077510250604,1.0
557.0829621431949,1.0
326.4202816983344,1.0
526.6953152182643,1.0
414.65478645585944,1.0
496.93678541110984,1.0
842.496151556573,1.0
708.426879731659,1.0
562.9878372352879,1.0
457.5622873039958,1.0
356.2726297905856,1.0
421.30014947049096,1.0
693.1965787815354,1.0
362.2869679285062,1.0
590.2808456234545,1.0
701.3099565433499,1.0
471.53015385173165,1.0
252.7848275599557,1.0
806.2012918329405,1.0
270.29249986328006,1.0
508.2311221467245,1.0
514.4572014892049,1.0
58.31520989982643,1.0
557.8830558574647,1.0
1038.8460117710777,1.0
213.76505066811782,1.0
986.1243022240548,1.0
492.47997721991374,1.0
746.8592832615211,1.0
581.8787429217219,1.0
807.6485464763352,1.0
466.4791538250062,1.0
927.8074174456824,1.0
539.1652056079957,1.0
474.66132957670226,1.0
1023.3240946802915,1.0
903.6017128335229,1.0
470.14725224815055,1.0
639.1954511783385,1.0
706.2424489199738,1.0
604.5549114117341,1.0
482.8093928299075,1.0
882.5314758118135,1.0
655.3956554176817,1.0
-200.39286891561798,0.0
945.7028841388809,1.0
745.8085389045488,1.0
376.05837493836316,1.0
314.9561225489967,1.0
-8.67207608772316,1.0
687.5997880171298,1.0
273.67409888491846,1.0
147.1890103212901,1.0
956.1295797596215,1.0
357.24018964848926,1.0
621.9849324942676,1.0
648.900706156428,1.0
296.62559797534703,1.0
376.9654662035721,1.0
581.9436511632513,1.0
155.00420538515243,1.0
874.955938168018,1.0
370.7784390983086,1.0
-190.199547134833,0.0
930.6541337378102,1.0
388.8085179529769,1.0
351.01024139085973,1.0
452.34907745092437,1.0
172.31444247272572,1.0
881.5712972681796,1.0
557.5738164907025,1.0
76.22957741308775,1.0
995.0403676524693,1.0
759.505596836356,1.0
625.8129908374534,1.0
280.50537598162174,1.0
-209.24019985993525,0.0
660.0253943535488,1.0
454.3262658353033,1.0
340.3411194738723,1.0
732.7447505567998,1.0
569.8124995809652,1.0
345.1239484139754,1.0
685.8434965792368,1.0
439.6397162349902,1.0
568.699830057586,1.0
635.1395204619407,1.0
646.5497330418063,1.0
681.3361222746793,1.0
385.1655142009619,1.0
393.75503061405476,1.0
796.181206650541,1.0
184.64189890441642,1.0
361.911105971233,1.0
426.6848644110703,1.0
521.9007097488085,1.0
617.0599990345355,1.0
-215.9699754038159,0.0
-182.91706179288346,0.0
510.18226624177873,1.0
628.2719088936974,1.0
312.0030295249515,1.0
987.7931102373275,1.0
356.4760415855508,1.0
772.3177462720724,1.0
339.0823843106047,1.0
424.6984148199996,1.0
580.3075767032627,1.0
312.1459180884136,1.0
586.0027949753542,1.0
417.19056368903483,1.0
696.0490123404194,1.0
303.4730170841644,1.0
532.9505921386282,1.0
775.5245097853675,1.0
473.4359821661982,1.0
323.51616374202564,1.0
-161.28397791605929,0.0
568.8482572910423,1.0
625.8574453674431,1.0
574.0403254629879,1.0
400.235878928223,1.0
403.15328655146203,1.0
797.8377489022585,1.0
470.48847753987525,1.0
363.2418296351168,1.0
185.34142595153799,1.0
1060.1957737623147,1.0
456.9816007360577,1.0
596.4171582729741,1.0
494.2578275875967,1.0
333.36457019800406,1.0
363.75804128313735,1.0
451.44675941943564,1.0
728.2417998303185,1.0
1032.4066879461616,1.0
484.8406468505211,1.0
438.4852604398192,1.0
550.0144568474946,1.0
316.9797483522894,1.0
271.9063754394381,1.0
364.8685944812729,1.0
929.1763523376628,1.0
868.3617068486991,1.0
869.8726350227214,1.0
441.8924435807915,1.0
697.0294077963686,1.0
105.21578294195103,1.0
435.226612210546,1.0
658.4087705126722,1.0
312.2217725856838,1.0
790.7355315851804,1.0
760.3429905546969,1.0
589.5307770704627,1.0
291.8522112952901,1.0
370.43178820877915,1.0
568.1211862205797,1.0
417.15203447348165,1.0
477.42150679328665,1.0
387.05775512850806,1.0
449.69739722349783,1.0
401.9183706330599,1.0
661.4118395204085,1.0
186.27938464009665,1.0
474.4332780450887,1.0
257.8771273733847,1.0
607.5689143022545,1.0
792.3953557414139,1.0
286.9875553949465,1.0
328.66171103255823,1.0
563.1331280822446,1.0
458.56356100214606,1.0
649.2325646134055,1.0
635.0303494763659,1.0
426.00346921270466,1.0
648.0676017144297,1.0
647.7163070290361,1.0
402.24510423708045,1.0
657.6966346272498,1.0
-215.1367779633423,0.0
440.80024101109836,1.0
355.2929172359121,1.0
917.350998238154,1.0
418.1977306031628,1.0
507.93311557185274,1.0
1055.7681779434959,1.0
566.3012432114109,1.0
-183.2106230757589,0.0
515.7522670215375,1.0
265.51328219097235,1.0
572.0560351061098,1.0
652.0680409163479,1.0
733.851110408233,1.0
854.0351965811441,1.0
608.1664221123654,1.0
110.67311970011866,1.0
232.35668224826154,1.0
786.7033877682052,1.0
566.6310542221906,1.0
349.7475281139322,1.0
682.6536883065228,1.0
358.09537876644407,1.0
345.3793510575721,1.0
649.6809523736889,1.0
744.6721563051966,1.0
819.7864410581494,1.0
522.5419753852027,1.0
686.6670388736621,1.0
690.6446162884324,1.0
-197.69852280785625,0.0
-195.60790952340415,0.0
115.02113220931527,1.0
1019.7967568695308,1.0
1236.3356677998245,1.0
458.47249048186524,1.0
1042.3098868873797,1.0
1217.4184055967075,1.0
326.83979051248235,1.0
707.5933897885042,1.0
1162.1829885822235,1.0
1136.4040768800169,1.0
509.1747456426759,1.0
393.1990160801748,1.0
688.7416817366524,1.0
427.2411769634902,1.0
276.77902642445576,1.0
742.2486246416196,1.0
513.0086530170923,1.0
219.00868080486464,1.0
267.9240720295051,1.0
814.5566270294486,1.0
410.39375146783055,1.0
354.67298597500655,1.0
1140.3427117966576,1.0
518.3979439050806,1.0
615.9398008033451,1.0
732.4014903223349,1.0
576.1177077006222,1.0
559.2596600982056,1.0
484.8875626227057,1.0
589.4752881269377,1.0
366.8991175229855,1.0
693.4635862684489,1.0
225.24671674987906,1.0
389.3128076321517,1.0
764.1806909328722,1.0
942.8380561835016,1.0
386.84834141629136,1.0
503.820681187441,1.0
634.7118734153781,1.0
1194.8061898112232,1.0
857.2059667479965,1.0
525.8314828008447,1.0
400.20087895374684,1.0
836.8697643658529,1.0
277.28071872805936,1.0
-225.47698977509677,0.0
337.03262995340043,1.0
491.9998862730325,1.0
516.8004147547174,1.0
-209.90075740601947,0.0
480.3523676529261,1.0
416.16700952226006,1.0
411.4685062371005,1.0
552.5689427159909,1.0
397.9225402288848,1.0
444.77357690863477,1.0
930.4208671311128,1.0
601.2401351123412,1.0
351.56631026922906,1.0
790.7403783289243,1.0
480.6739063174641,1.0
849.9323780511947,1.0
942.6664023378447,1.0
652.634671066101,1.0
305.00016925647856,1.0
593.4809672275957,1.0
715.6816578496499,1.0
445.6769728320955,1.0
529.6799226560335,1.0
601.7990286055801,1.0
593.6164894139681,1.0
470.8268556057737,1.0
495.45600884836597,1.0
-182.3845982238417,0.0
472.74215009557355,1.0
392.7620087262413,1.0
674.6740469817072,1.0
395.0471226254433,1.0
506.6212288031194,1.0
430.24884188881504,1.0
554.1495402142141,1.0
841.6444958947575,1.0
210.91893714908556,1.0
622.3439819126776,1.0
387.17771537616704,1.0
623.6566249626704,1.0
740.9519146497364,1.0
675.6670341612447,1.0
512.2978954846797,1.0
389.4871782046916,1.0
434.4412807201446,1.0
412.45769522730313,1.0
360.99394877432326,1.0
1310.248135738302,1.0
1041.229108954729,1.0
-214.26573049247907,0.0
992.3419054651163,1.0
86.09215992186304,1.0
635.7707250758835,1.0
444.4866906331158,1.0
219.35718909135628,1.0
572.6232851347197,1.0
640.8915748692432,1.0
808.6871893051564,1.0
289.792301936283,1.0
600.9900312008384,1.0
-214.80536665007725,0.0
694.7923962474017,1.0
496.753219315707,1.0
446.1608479814304,1.0
-213.17495413659526,0.0
823.1242418249183,1.0
817.5498827320139,1.0
495.96389365894044,1.0
1027.6800957425926,1.0
401.30151826277813,1.0
774.3226191154854,1.0
515.0287483657246,1.0
637.1423991222042,1.0
817.4290976085005,1.0
277.997289968863,1.0
441.7921380229455,1.0
388.97996678424147,1.0
648.6588385165352,1.0
948.274422605663,1.0
445.72582403542276,1.0
676.1292968698341,1.0
341.6807426320226,1.0
1016.5722279946096,1.0
432.2408099019965,1.0
366.99047746286897,1.0
380.2252334563723,1.0
1188.797921349267,1.0
621.006448172723,1.0
522.8630504280686,1.0
626.8256831613367,1.0
643.7480642979124,1.0
594.9905350802393,1.0
564.6481155890971,1.0
684.46706440259,1.0
808.5186381714958,1.0
279.8434166322594,1.0
323.026112129537,1.0
365.7472576279413,1.0
409.58626394167146,1.0
512.9185785031979,1.0
457.81101592692113,1.0
1213.1515310461725,1.0
467.46127428879913,1.0
1050.724325915809,1.0
265.9401407423253,1.0
920.9279653928339,1.0
469.4875569994747,1.0
738.5270720669484,1.0
483.71956282540793,1.0
567.4916126727412,1.0
895.3048048620469,1.0
604.2396008425926,1.0
647.8046346063041,1.0
358.53635725255657,1.0
504.0996745652738,1.0
440.09032388727263,1.0
595.8108628168261,1.0
598.8930496297319,1.0
668.6964399787893,1.0
427.999401513066,1.0
511.56875505564864,1.0
541.2661093480932,1.0
329.95453563720855,1.0
306.8239717665476,1.0
227.76135191874147,1.0
425.4457800189703,1.0
172.78485307146542,1.0
553.9585099788134,1.0
330.9930742994035,1.0
463.01455015203504,1.0
880.2072456533896,1.0
784.2983541357829,1.0
633.8677809726913,1.0
215.39217249206766,1.0
528.7766476496956,1.0
650.9370224686617,1.0
337.9610924031811,1.0
507.457175321846,1.0
680.1852601223767,1.0
522.6470112885693,1.0
319.45107014947126,1.0
573.6386314234499,1.0
411.81279945984926,1.0
627.269668646932,1.0
782.0120319807395,1.0
527.4739556461715,1.0
560.8210325077071,1.0
690.9770831297367,1.0
889.9612745792448,1.0
438.4950993879822,1.0
289.13651212288175,1.0
718.3337175037183,1.0
250.7052658476321,1.0
117.0295460902757,1.0
444.678663361833,1.0
767.279160130403,1.0
667.8105751514646,1.0
182.7114452881097,1.0
810.1084911837652,1.0
970.886675845837,1.0
698.8431128943031,1.0
340.1804731057684,1.0
515.7605727470144,1.0
-216.5362556142574,0.0
288.2439970859317,1.0
642.4743175963761,1.0
458.6629683951511,1.0
441.54071985492067,1.0
273.51851242607427,1.0
663.6402811485211,1.0
520.5358080167,1.0
582.6674144628408,1.0
359.96486907794343,1.0
367.7781095673978,1.0
136.4373605739599,1.0
606.9404349431633,1.0
641.7808422759698,1.0
370.247638621038,1.0
378.7413965517096,1.0
-215.0762179147189,0.0
281.54154452669394,1.0
549.3404844295266,1.0
756.7173322383665,1.0
822.2091391202008,1.0
313.5932559253228,1.0
537.8069395008782,1.0
940.2693249293205,1.0
656.4676032622464,1.0
367.2760673036997,1.0
278.8242298303575,1.0
830.7978656964675,1.0
348.3019858304686,1.0
503.3528611925716,1.0
238.29425500640497,1.0
380.29888627467824,1.0
960.7817214310141,1.0
714.7622523197948,1.0
505.3535012205159,1.0
631.244780674536,1.0
495.3239150303262,1.0
591.7114964166982,1.0
604.518198040093,1.0
518.2386416519064,1.0
624.8997717051328,1.0
302.3297090063814,1.0
648.2519773078858,1.0
-216.18213428275857,0.0
712.1147157837617,1.0
527.9827672054302,1.0
309.2751129738229,1.0
432.8083912433545,1.0
915.7969748618217,1.0
865.0434763638135,1.0
604.1059162198485,1.0
606.7122520170172,1.0
522.5375439491837,1.0
817.0656179064626,1.0
1277.6424810079704,1.0
372.11807985468374,1.0
-225.47698977509677,0.0
479.86558417306696,1.0
400.12761298240946,1.0
1169.7483172746663,1.0
381.0915188180157,1.0
947.994104628541,1.0
458.2405822024475,1.0
849.159866298608,1.0
447.87682041154454,1.0
412.7246076414782,1.0
530.6463350311054,1.0
373.30976945659563,1.0
571.5663005407249,1.0
674.049424312609,1.0
178.21092295143256,1.0
640.6101530874472,1.0
585.6380143236299,1.0
558.2501799602315,1.0
585.7967439134584,1.0
920.2260656438327,1.0
175.31322806053208,1.0
899.8166221534724,1.0
790.4851062370502,1.0
958.0173014405572,1.0
995.5711784489467,1.0
607.1044752432426,1.0
351.55606774546226,1.0
622.8084243252978,1.0
455.67720947732005,1.0
583.9067913525305,1.0
403.915283357408,1.0
395.37312734459505,1.0
624.1610529152795,1.0
910.4997855447444,1.0
705.5757408661001,1.0
387.01562010379934,1.0
386.51863314958104,1.0
966.7392461573803,1.0
82.38605825944458,1.0
-175.6534517889385,0.0
599.3373420497038,1.0
623.7844994686211,1.0
551.5313340258981,1.0
516.8620112180332,1.0
356.91132016306557,1.0
430.954585559264,1.0
461.4050187543369,1.0
-225.47698977509677,0.0
357.5001904155672,1.0
464.05147174230785,1.0
793.7994533528808,1.0
757.5868976542654,1.0
303.935362394795,1.0
359.36639852566617,1.0
283.131858819188,1.0
503.2048041205811,1.0
513.1840734543177,1.0
999.8704571402343,1.0
364.65374922053707,1.0
99.25440985077806,1.0
336.0423526998198,1.0
618.830637207425,1.0
237.23279408235283,1.0
484.5213693641311,1.0
443.5809996983245,1.0
490.6359193376003,1.0
1050.126045552131,1.0
363.51455155835447,1.0
862.4810676657967,1.0
314.46311702914926,1.0
493.2725960022201,1.0
384.21996596307514,1.0
87.47673680667906,1.0
563.6825217412189,1.0
289.92004422723306,1.0
488.1926165536813,1.0
437.50965857627074,1.0
138.81992996141966,1.0
442.49033834507856,1.0
560.0904865826077,1.0
786.4943621972959,1.0
-172.49467281245597,0.0
659.9451231081113,1.0
360.0152800347063,1.0
523.3029793316106,1.0
546.7997220948326,1.0
402.1325086710073,1.0
923.9649056479041,1.0
569.7851638194552,1.0
587.3999617874181,1.0
715.5485635319643,1.0
561.1069151823226,1.0
575.4289319353014,1.0
538.9797432947319,1.0
865.645167671797,1.0
227.01809518967852,1.0
764.2487440468765,1.0
411.1060697981426,1.0
333.1027714265836,1.0
401.8173111300544,1.0
455.6655762023785,1.0
489.9959500761649,1.0
299.4127186576383,1.0
197.01699263251464,1.0
315.5877919734618,1.0
430.8065605046457,1.0
462.965454279628,1.0
439.78765492886816,1.0
479.5936375621181,1.0
698.7567690683273,1.0
639.4659235708409,1.0
340.9367231772025,1.0
1415.1183136523043,1.0
711.4303957352323,1.0
599.4337446295352,1.0
570.8436018617617,1.0
529.5157846121766,1.0
647.6916187218261,1.0
680.8013040943277,1.0
318.19090409164517,1.0
590.4784304601218,1.0
1177.170868271669,1.0
600.8113237387661,1.0
327.20711265070724,1.0
843.375804451389,1.0
454.20448791605736,1.0
442.1778721189101,1.0
919.9653009709444,1.0
411.4961131914599,1.0
794.4843948341584,1.0
856.1574851978747,1.0
524.8874366374937,1.0
575.3407322251513,1.0
375.32645796168083,1.0
702.5104208955667,1.0
892.0311408499203,1.0
730.7132163845099,1.0
994.4247217879195,1.0
975.7797370961605,1.0
877.0299261211796,1.0
378.6538234176581,1.0
625.2736840751267,1.0
440.91430074720466,1.0
1060.6813905599086,1.0
252.35843079864443,1.0
358.71235408094526,1.0
707.5224917180694,1.0
57.55629029675371,1.0
403.5441314119282,1.0
687.0352722914691,1.0
386.7164076422021,1.0
648.8034152114685,1.0
346.9820928789978,1.0
-217.0835611323139,0.0
473.44737346840066,1.0
270.81544685116455,1.0
744.1357799290489,1.0
965.3911283369409,1.0
451.2831595971993,1.0
476.6214261781849,1.0
-225.47698977509677,0.0
885.2633007359736,1.0
390.66047134590815,1.0
-214.30928286602222,0.0
337.05410090787404,1.0
200.11864610298855,1.0
401.439734350261,1.0
584.004885313767,1.0
865.6463099664722,1.0
505.05606422474483,1.0
922.645665936393,1.0
308.79203790826944,1.0
663.8766773419572,1.0
583.4169066821277,1.0
420.82059779838056,1.0
581.1349226708029,1.0
250.20291231473493,1.0
532.4852630484537,1.0
472.2241937102444,1.0
287.4984195156398,1.0
877.8253460837186,1.0
708.6346548445453,1.0
649.7139138757209,1.0
810.4808742279632,1.0
657.0547689910253,1.0
679.794347507465,1.0
486.8076329333263,1.0
869.2242115368995,1.0
455.3103010536993,1.0
360.45758856260096,1.0
572.3401156732336,1.0
506.57713060399175,1.0
363.8188035986448,1.0
-208.73074437226842,0.0
562.192562580193,1.0
808.2352133061112,1.0
403.01051732223493,1.0
381.5437218960486,1.0
249.63226494344312,1.0
-225.47698977509677,0.0
814.6317862462746,1.0
333.2693108055443,1.0
359.9950656931741,1.0
60.73536678479058,1.0
546.9515753861191,1.0
316.7470863320968,1.0
535.1898574704768,1.0
365.68349231768144,1.0
365.75091109899137,1.0
373.8210722661009,1.0
977.4569116552324,1.0
542.7389665210451,1.0
389.6015279409022,1.0
623.0932187389017,1.0
629.8723740856034,1.0
648.7507292245523,1.0
-201.6689613888404,0.0
355.48086971951204,1.0
682.7288812564977,1.0
479.14238511734203,1.0
500.2490583153185,1.0
533.5915922417142,1.0
505.7931061926693,1.0
907.0581205602916,1.0
1109.345835325603,1.0
855.1008691456542,1.0
470.22647683241433,1.0
555.9139291089408,1.0
610.6931469839759,1.0
885.7776942690341,1.0
285.09898370644754,1.0
551.5759387971111,1.0
576.0947249309949,1.0
690.1446378013585,1.0
440.4843482619972,1.0
223.35859966110303,1.0
836.479210127208,1.0
409.94421837036595,1.0
389.02223813360683,1.0
651.0251819228868,1.0
520.2253124321882,1.0
920.5276103406176,1.0
634.621238497122,1.0
248.34680895322194,1.0
429.0067806142547,1.0
584.4892984742986,1.0
655.2144691662377,1.0
325.7597006278264,1.0
509.8065654903137,1.0
1281.3839088286466,1.0
360.14627069290026,1.0
506.4811303328792,1.0
512.1773920967507,1.0
865.02224192548,1.0
-165.9429414429771,0.0
472.98340735036504,1.0
320.7079067990961,1.0
910.0808112257861,1.0
559.3080309034892,1.0
359.1354714450319,1.0
414.4810911168377,1.0
274.3062997687165,1.0
923.7482836689643,1.0
234.4548750155622,1.0
774.2846324379385,1.0
1009.6462008062977,1.0
585.1064499199426,1.0
335.06363076904955,1.0
697.479237403225,1.0
546.8104077484139,1.0
613.1678518406959,1.0
511.11222550507574,1.0
798.3520166318184,1.0
704.6595185721094,1.0
428.58538480648224,1.0
444.8207525456894,1.0
409.92147219184267,1.0
497.7363540579981,1.0
342.1029058526993,1.0
410.60302496015595,1.0
540.3665330823654,1.0
212.78736576745504,1.0
412.642480559751,1.0
138.3438471073619,1.0
244.58317815776553,1.0
621.0848613873725,1.0
764.4618170591905,1.0
191.5216263537719,1.0
512.0771030291645,1.0
510.6240320430652,1.0
543.593463017475,1.0
502.9174673995834,1.0
307.8480101660522,1.0
-201.47607526542384,0.0
288.0509650477501,1.0
605.1183040455609,1.0
949.0386350039147,1.0
376.2297460623691,1.0
287.1476412896845,1.0
727.6745293662918,1.0
893.869218111538,1.0
712.1949343044473,1.0
548.1123776787748,1.0
328.8286205225834,1.0
490.08450554955436,1.0
250.1044833397481,1.0
507.4623517875215,1.0
389.1580556221389,1.0
869.2146811669918,1.0
-189.27590703894583,0.0
857.3796892679527,1.0
341.6358006598325,1.0
621.1751671939501,1.0
484.7241905179392,1.0
471.0988023894049,1.0
470.20624980631834,1.0
917.0259931108031,1.0
885.3464953808622,1.0
449.05732606885675,1.0
-225.47698977509677,0.0
477.3132248591404,1.0
376.7293395326686,1.0
429.3584422917274,1.0
549.5469688772869,1.0
594.1938880107299,1.0
987.1655910911593,1.0
748.5429335674511,1.0
781.8261683816906,1.0
593.5009969208912,1.0
118.28028346031219,1.0
278.12439241917133,1.0
538.8026567744694,1.0
628.1746349186279,1.0
796.5949547117052,1.0
875.551785642045,1.0
647.6512222988682,1.0
827.805455260404,1.0
516.3130775004523,1.0
330.4571348310853,1.0
811.2859186673529,1.0
653.9648348869222,1.0
539.8454453028666,1.0
603.4139331050517,1.0
449.9023887053464,1.0
598.5870647681382,1.0
329.1986673678244,1.0
1056.1746901810236,1.0
591.4329932463797,1.0
407.1293624965319,1.0
862.9136880948315,1.0
632.8006266983326,1.0
60.32415950818554,1.0
414.01851938781647,1.0
731.0008262654031,1.0
-205.91694712142348,0.0
847.6505276756682,1.0
524.1502977820033,1.0
511.39047114128056,1.0
284.41997700988713,1.0
238.16722921684996,1.0
271.76485056031817,1.0
498.7713434325253,1.0
672.1390639997844,1.0
827.9478697424412,1.0
564.9328262359024,1.0
770.9251812996937,1.0
562.2056189737532,1.0
235.7933030750812,1.0
786.7572300995336,1.0
378.12632825213683,1.0
132.32662306937135,1.0
593.8754809329578,1.0
1280.7523615332846,1.0
209.22256055904833,1.0
232.02446494773517,1.0
573.1316320806711,1.0
248.37863076914618,1.0
1024.8045944346181,1.0
168.8205486043677,1.0
413.5526705581267,1.0
393.71689057442876,1.0
-209.8950550628659,0.0
219.964253747814,1.0
1107.6019441393823,1.0
-192.25624442350505,0.0
373.2899081400656,1.0
449.4568034277663,1.0
533.9754994908404,1.0
254.52479650638304,1.0
778.6045600823325,1.0
261.81597580668654,1.0
610.2660792907739,1.0
443.36455114234076,1.0
284.10737291818066,1.0
663.8289003948406,1.0
349.8865395605282,1.0
527.4883212608462,1.0
836.9272134374935,1.0
351.3819818306502,1.0
786.036801377766,1.0
71.0649700313955,1.0
690.1923056711652,1.0
228.75021598608373,1.0
460.8887684014397,1.0
413.26987581751894,1.0
369.0435321933022,1.0
545.0336074061827,1.0
554.2076612688611,1.0
456.91335987170925,1.0
628.5278276343889,1.0
340.67876566675204,1.0
293.4576339461568,1.0
420.5791950823251,1.0
422.4505745387145,1.0
234.06235899906946,1.0
608.8491881183642,1.0
483.27563774578664,1.0
457.11627455298645,1.0
392.11611321219016,1.0
331.29216862648605,1.0
930.0542375593459,1.0
745.6267889554342,1.0
490.0892111055653,1.0
-214.9474284570138,0.0
1135.784751716194,1.0
633.7463428950254,1.0
616.1482641197422,1.0
415.0726615554872,1.0
1169.117015446312,1.0
582.2838640506264,1.0
718.9982388203547,1.0
482.58350514972324,1.0
575.4719470468942,1.0
462.9902927288262,1.0
352.20093188801974,1.0
482.1930907075532,1.0
516.9807575742924,1.0
1094.1308245203213,1.0
457.7123984610065,1.0
774.7252242564522,1.0
356.717018826118,1.0
598.6932099538041,1.0
478.9445414727316,1.0
701.1101450049854,1.0
916.9861619821553,1.0
545.1151049113389,1.0
447.28197731166074,1.0
616.2018428729274,1.0
462.67894700909244,1.0
547.0996846974331,1.0
931.5161934303713,1.0
366.3622918852117,1.0
581.4500765529738,1.0
345.4394646929792,1.0
501.6714022410913,1.0
516.57726047448,1.0
744.2168865125925,1.0
1041.1972270164717,1.0
404.5447062323935,1.0
775.1399966295058,1.0
848.4071654382318,1.0
960.8396493078458,1.0
387.6208850750131,1.0
463.09825531575234,1.0
708.6765200700745,1.0
428.3242587492978,1.0
691.0385069570868,1.0
357.8880615474348,1.0
155.1367319295272,1.0
465.40701240418866,1.0
386.21351395230823,1.0
716.4165049962846,1.0
990.9808043210617,1.0
553.4444648311824,1.0
552.1026400438691,1.0
386.5586174182218,1.0
1384.3901785941837,1.0
518.1937952746702,1.0
645.5512492085298,1.0
-191.99099614763657,0.0
599.5688821577554,1.0
444.63610010649694,1.0
936.458444455395,1.0
307.1305364642753,1.0
632.5837392129059,1.0
767.2693785136424,1.0
608.7494405541348,1.0
274.9689258627541,1.0
877.7115078137589,1.0
556.4238050684304,1.0
428.3399759690451,1.0
338.590449782941,1.0
456.6167263440193,1.0
316.198043155931,1.0
807.6088763897297,1.0
528.7046602600274,1.0
528.0263225976886,1.0
722.340201614895,1.0
473.02404316924316,1.0
214.2143457967644,1.0
623.8933187170907,1.0
686.1922076824243,1.0
791.7610502323868,1.0
564.5476257039135,1.0
358.9025841926929,1.0
574.2149468369071,1.0
399.75212074012484,1.0
505.20699645290966,1.0
660.7758520826447,1.0
563.9594127878677,1.0
570.6676540085796,1.0
818.8015959609403,1.0
288.96268932295936,1.0
350.155960177083,1.0
850.2455776421303,1.0
367.9586970663641,1.0
516.2672445110948,1.0
666.6214281780403,1.0
379.01665502680777,1.0
-216.96420934361112,0.0
265.04434989429836,1.0
528.5279531511491,1.0
466.52904897861504,1.0
438.8831361197075,1.0
74.77118869698982,1.0
-225.47698977509677,0.0
510.5717933364034,1.0
617.4180137802388,1.0
949.5943998438516,1.0
598.292100465608,1.0
458.588948236822,1.0
463.86314544168755,1.0
491.52525514103183,1.0
-217.55133190936198,0.0
508.69673506668323,1.0
531.599835895652,1.0
240.90497426004092,1.0
555.382633384067,1.0
153.24905471562656,1.0
734.4719446166145,1.0
97.71885702451617,1.0
753.1762436016193,1.0
200.69728203031667,1.0
620.130822465556,1.0
484.3397513449315,1.0
387.7826901172975,1.0
344.1454522441536,1.0
566.0827338565763,1.0
658.251753176568,1.0
269.3591480395766,1.0
475.26460258736233,1.0
470.51983447451096,1.0
578.642541060907,1.0
378.80097779245824,1.0
307.7064457093908,1.0
464.31417635494194,1.0
333.7001952394383,1.0
474.43953274757325,1.0
328.11658658616227,1.0
421.61797107274253,1.0
431.90078098751945,1.0
1127.0723643376477,1.0
938.474913935866,1.0
610.8392538603059,1.0
540.8092613718924,1.0
466.2465451701269,1.0
385.7351473820322,1.0
650.8055320097478,1.0
571.8824405983308,1.0
953.4159060977422,1.0
498.2231494072397,1.0
309.93190910579796,1.0
663.0584394453072,1.0
753.4817893053187,1.0
918.0328541058783,1.0
411.67662864660275,1.0
327.6374838855443,1.0
547.0748948143793,1.0
208.8091392134567,1.0
493.1487311457995,1.0
584.4930129988373,1.0
711.8336546855953,1.0
382.17329552094986,1.0
401.31672309511015,1.0
379.57761243692363,1.0
495.55241513333766,1.0
199.06550450732448,1.0
751.6049710124712,1.0
357.453097061433,1.0
532.1518096290544,1.0
506.53339868485557,1.0
716.7106091001006,1.0
756.4447898277488,1.0
830.7162951968742,1.0
529.4912738107843,1.0
525.9180407350694,1.0
677.7398990599347,1.0
692.8482533019131,1.0
836.7494314952278,1.0
342.54763563945187,1.0
552.7050114695247,1.0
448.76933190515,1.0
538.1159990775793,1.0
802.8243102189194,1.0
860.4422730081453,1.0
763.722126697628,1.0
518.5304196234633,1.0
420.09202489114324,1.0
352.0267937697752,1.0
613.5262168731595,1.0
515.3022815925366,1.0
422.96033924695246,1.0
434.69213266426004,1.0
1076.1855604665593,1.0
993.9553379410612,1.0
880.5711993242768,1.0
467.8289868188596,1.0
68.6662123687014,1.0
726.6791491532807,1.0
464.0444396913777,1.0
273.0263112652003,1.0
870.2071910704768,1.0
310.1660074596603,1.0
583.6389745316237,1.0
605.356745770897,1.0
574.3270758603028,1.0
706.194241470529,1.0
299.91068500937314,1.0
533.0864114356857,1.0
497.662065073381,1.0
426.3039202506071,1.0
600.6425229464583,1.0
178.87570251450063,1.0
506.68021222133314,1.0
800.7310815222581,1.0
415.94740036029106,1.0
732.8735990896912,1.0
458.3271285753676,1.0
629.6135237647034,1.0
288.85276970317096,1.0
410.76461626136575,1.0
296.1394002047127,1.0
629.339576269128,1.0
594.3534653615934,1.0
437.8260705223179,1.0
-225.47698977509677,0.0
613.4285582904754,1.0
638.0700084538311,1.0
394.12548505645094,1.0
424.39793464743974,1.0
487.52019995852487,1.0
354.0714329033903,1.0
387.4683960087224,1.0
985.9829901373771,1.0
608.4189112786303,1.0
415.201409058257,1.0
265.5343163935305,1.0
467.7155995181353,1.0
385.52328933595834,1.0
603.8527305783423,1.0
306.315873689381,1.0
275.15834160417614,1.0
791.1539062951899,1.0
855.3319545114023,1.0
818.5548573249932,1.0
527.8104637814928,1.0
180.81558403805732,1.0
690.0201811169675,1.0
342.5795625755905,1.0
359.13354360067126,1.0
577.9494590261627,1.0
856.1631110488688,1.0
500.5097562923709,1.0
643.0774419510889,1.0
408.390657512671,1.0
607.7999534709226,1.0
55.43831870826408,1.0
564.2984544743359,1.0
300.0287019015998,1.0
505.4024847892514,1.0
679.7443223055844,1.0
627.6078561094712,1.0
789.1011727825165,1.0
416.4877708242704,1.0
169.68732873721822,1.0
488.1787740765383,1.0
866.3850138062469,1.0
658.9699361415095,1.0
349.72637686023836,1.0
413.52755716592543,1.0
596.4817137936536,1.0
411.20242546580045,1.0
703.6416610555746,1.0
631.9760264060826,1.0
373.49469528655965,1.0
351.43055672297004,1.0
591.5226365643485,1.0
933.4267316267626,1.0
419.40831266946714,1.0
591.8348490892627,1.0
411.951916524016,1.0
474.6790786298861,1.0
201.9394078968776,1.0
471.9602324854047,1.0
506.3981002306067,1.0
191.912921611586,1.0
660.1465002028278,1.0
464.1923439815239,1.0
509.23518327485846,1.0
414.1920653952727,1.0
516.7419746927526,1.0
476.7806838769164,1.0
644.8485396507887,1.0
506.18770539525144,1.0
521.0167242265841,1.0
264.92452695079436,1.0
629.0377382235177,1.0
415.86534714852314,1.0
716.3073977473662,1.0
447.47755341306527,1.0
638.397010460088,1.0
346.6287581332275,1.0
576.4950497078988,1.0
720.6235739317021,1.0
363.19433393434576,1.0
481.33021530844866,1.0
229.29177129183572,1.0
596.0109752164792,1.0
413.0992633960671,1.0
765.1833317729449,1.0
277.9870493943764,1.0
453.9100521458442,1.0
273.3904654777344,1.0
379.54634874462965,1.0
447.5651781038366,1.0
316.0400107576601,1.0
388.9896394790369,1.0
559.7888050031348,1.0
648.2889170223559,1.0
851.9852840456496,1.0
500.3892581790833,1.0
963.472800682673,1.0
479.92910329351207,1.0
737.3190047217827,1.0
351.84154267382627,1.0
1005.4071055022766,1.0
527.0343121592545,1.0
356.2110238251572,1.0
775.3411519510861,1.0
350.2318683662433,1.0
490.3639877353179,1.0
705.241581540644,1.0
272.3184070395354,1.0
813.1995953408277,1.0
767.9454097751035,1.0
400.2624947321413,1.0
817.0439266758839,1.0
860.1017255061774,1.0
869.2316227818279,1.0
555.3927506780615,1.0
377.6375460569136,1.0
669.803190436895,1.0
666.5492628685175,1.0
485.42171661139736,1.0
-198.51461321886927,0.0
441.63032318115853,1.0
183.3036697134837,1.0
316.4530860233352,1.0
336.5707181409331,1.0
321.91586805130953,1.0
803.8399462808367,1.0
395.37346208367507,1.0
325.5582851005256,1.0
356.38272561346287,1.0
449.06531358181667,1.0
737.8566337858005,1.0
533.1911025832642,1.0
338.46299390695515,1.0
633.1483632901078,1.0
466.4639792863954,1.0
607.4448724656438,1.0
760.7586246858862,1.0
376.93028421362146,1.0
556.7315041540387,1.0
780.8212954356655,1.0
301.4689138724228,1.0
432.9498565762122,1.0
307.7546992847572,1.0
506.43682824192496,1.0
393.6531807782775,1.0
536.0053430806545,1.0
589.206496422916,1.0
814.0261076815951,1.0
498.09261572950976,1.0
354.2732999667782,1.0
333.3020193970184,1.0
573.2278550416925,1.0
229.54823205092077,1.0
684.6090649992001,1.0
620.6392052508874,1.0
500.82195901196724,1.0
347.73847983722544,1.0
830.4140831140198,1.0
823.4869431331005,1.0
402.103141846299,1.0
197.17262565605833,1.0
382.51461839311264,1.0
133.03420909144842,1.0
639.7848191386032,1.0
468.93379839646497,1.0
641.2705531521981,1.0
532.5004308382179,1.0
600.6257554259605,1.0
595.4755295981996,1.0
983.1626567350985,1.0
351.4293306641299,1.0
-208.3840936924671,0.0
585.7557262515929,1.0
260.51828263192374,1.0
470.981991330706,1.0
281.5219537517138,1.0
860.8219023602821,1.0
465.65938159943335,1.0
169.45154112307083,1.0
921.8657023233903,1.0
568.6671502404049,1.0
687.462793641938,1.0
849.5927621319398,1.0
425.0565847179646,1.0
404.8339243886949,1.0
454.3323927457854,1.0
364.3592436920655,1.0
296.9828912155068,1.0
480.2215968750264,1.0
1008.5681728435059,1.0
619.2953398942032,1.0
288.75244328583074,1.0
766.0546935824522,1.0
373.48586356507076,1.0
217.53302008966722,1.0
509.7302421484183,1.0
741.8794817030818,1.0
279.27095591042684,1.0
839.4064503160811,1.0
484.3274409251049,1.0
340.6262396059051,1.0
338.7959989649412,1.0
233.4871417378457,1.0
292.3618492906272,1.0
411.82293684255774,1.0
-214.89257075154393,0.0
540.0496073297857,1.0
97.5901758444365,1.0
293.2427062190632,1.0
817.5579111347773,1.0
521.0607148119813,1.0
938.6337949985373,1.0
-216.50971091579447,0.0
974.177941398538,1.0
825.7701379436107,1.0
211.4227604322298,1.0
561.9128317973378,1.0
592.6582189926081,1.0
403.1947030592703,1.0
783.2956351847332,1.0
653.705218175668,1.0
730.5525417279778,1.0
611.684050132037,1.0
594.7145105200284,1.0
468.22551036974073,1.0
490.00295187704234,1.0
-185.98116601620177,0.0
339.3159509461626,1.0
180.48668143465147,1.0
439.34522227188495,1.0
422.753881663186,1.0
211.03519247078515,1.0
608.8444059954938,1.0
963.2627872124642,1.0
645.8610727165828,1.0
-213.29804125114686,0.0
261.9379290331343,1.0
432.408862810562,1.0
191.80399800408225,1.0
999.6655012671409,1.0
551.5845991658957,1.0
163.6235663551853,1.0
410.11945154227186,1.0
576.035647979651,1.0
-136.95313113579664,0.0
674.7494223157607,1.0
706.5399048504706,1.0
147.16896126640415,1.0
521.6867888870917,1.0
475.7249034450887,1.0
310.6734862798683,1.0
697.2338032980244,1.0
503.94358217478475,1.0
409.4410957794518,1.0
778.921653982662,1.0
1094.3147642478098,1.0
553.1319745634648,1.0
419.4775480890528,1.0
591.4868243446864,1.0
746.2757838617433,1.0
670.3236041651692,1.0
832.1232197673248,1.0
975.8641171417173,1.0
858.7832785485555,1.0
468.198187086094,1.0
946.1250013297383,1.0
244.32476235758634,1.0
214.2085143809239,1.0
347.26253740172575,1.0
350.4589608880624,1.0
877.8390737513726,1.0
353.27762620895055,1.0
1121.21427386505,1.0
297.22487477358703,1.0
649.9029731770111,1.0
515.346531655793,1.0
778.4980070255879,1.0
465.11735125259713,1.0
497.98901714861125,1.0
969.6002071933495,1.0
511.5919366243338,1.0
-202.02308272033923,0.0
466.03530052574195,1.0
395.6713902847918,1.0
503.5624865850167,1.0
438.9504002445825,1.0
612.0893948899559,1.0
655.4708564830233,1.0
334.3612567577736,1.0
737.233395874255,1.0
948.9838214429318,1.0
378.3666421206788,1.0
1058.054658822809,1.0
462.1876452701113,1.0
802.396388053953,1.0
668.3543160955668,1.0
487.8503689792211,1.0
740.5390789810513,1.0
536.044581277168,1.0
511.1520781489474,1.0
413.1956676241236,1.0
498.43274429918444,1.0
480.54037212640685,1.0
821.477644781737,1.0
353.8242598919302,1.0
189.17150112721257,1.0
464.4080715591884,1.0
597.5974650614638,1.0
507.62616740486146,1.0
440.8142997180891,1.0
266.49184968324295,1.0
424.65418146767934,1.0
309.121983203883,1.0
297.64003461666033,1.0
332.6160904125714,1.0
491.62712436619967,1.0
854.0519756444168,1.0
662.4277704304067,1.0
836.4857258485218,1.0
796.9798577344419,1.0
491.3465364573469,1.0
953.5700978194619,1.0
721.8887827966547,1.0
824.1145966137882,1.0
742.5871229326342,1.0
695.7729980673854,1.0
450.062277883183,1.0
959.3577277381349,1.0
418.5924329941245,1.0
569.6070575266747,1.0
333.81460963832853,1.0
630.8757511153046,1.0
728.5337189574172,1.0
687.4842453286544,1.0
141.7765316656885,1.0
329.87140178999203,1.0
540.5178250261808,1.0
503.43545136443214,1.0
801.6801324817465,1.0
324.9215636666689,1.0
686.9458730557742,1.0
371.797329120002,1.0
91.6042850516505,1.0
395.56388833100857,1.0
645.7864993320895,1.0
520.0387831426684,1.0
453.4911504033635,1.0
316.48381733017334,1.0
477.998491007986,1.0
578.0630441512451,1.0
-175.59799795718638,0.0
-178.97847283599427,0.0
835.3407735843305,1.0
391.4814367368579,1.0
466.229785534795,1.0
629.3170940562673,1.0
946.0705583950684,1.0
274.40492219528096,1.0
494.85694215220974,1.0
548.4745071226965,1.0
697.3082361212023,1.0
576.5167762295667,1.0
535.4934952410728,1.0
745.0188673886336,1.0
580.8943038321686,1.0
309.3834235359154,1.0
285.7744157405566,1.0
503.29250349505276,1.0
492.55041720420405,1.0
638.1004119379314,1.0
641.917654167547,1.0
388.27073045806225,1.0
566.8688129045834,1.0
480.2809895573909,1.0
446.5657427860523,1.0
512.4881546866934,1.0
881.9146526242457,1.0
303.1879041154788,1.0
512.1929541138408,1.0
949.968178610045,1.0
952.1178099190406,1.0
276.42538573685187,1.0
821.9663017784968,1.0
303.2257622924855,1.0
189.6551626480806,1.0
346.5868684785782,1.0
545.1243202891114,1.0
351.11171830640956,1.0
490.6539351954927,1.0
785.8531230873577,1.0
-193.86738418146092,0.0
690.1741339912097,1.0
752.2927224125456,1.0
630.5590308549938,1.0
298.03711987644556,1.0
79.85842879819604,1.0
628.7729885053715,1.0
408.0534806783496,1.0
834.6388337937052,1.0
397.43094082309796,1.0
703.1728389217662,1.0
284.98745890084336,1.0
470.179449252969,1.0
247.46327691706165,1.0
238.51039532354258,1.0
448.8428437797263,1.0
481.8229897059862,1.0
621.7317710487157,1.0
476.15061222227297,1.0
533.5856409379859,1.0
188.14850201183958,1.0
348.9095452816213,1.0
72.84553853584704,1.0
1093.2988326715486,1.0
262.2413163463514,1.0
541.3692680978966,1.0
646.0770951831801,1.0
691.7253875754849,1.0
233.8645275049388,1.0
117.29025397894843,1.0
795.3700198600079,1.0
409.7858716904585,1.0
308.6684904663812,1.0
239.63565721654484,1.0
298.84275075776316,1.0
364.1551393550199,1.0
445.8252047284715,1.0
407.1669575610834,1.0
732.9466115883723,1.0
188.65699594555895,1.0
689.7480725766458,1.0
279.1855738179241,1.0
414.0620421818171,1.0
547.264277393072,1.0
456.36416478538683,1.0
485.9292599643443,1.0
702.0220282626146,1.0
745.0405413210397,1.0
162.8743145230219,1.0
500.5445361034593,1.0
454.3816819673637,1.0
237.31994685702148,1.0
847.9593419605172,1.0
445.1345543353206,1.0
483.7116781727842,1.0
481.51576654488224,1.0
401.609350854682,1.0
296.442685505226,1.0
461.18841147420255,1.0
277.85229442415437,1.0
184.3663745711729,1.0
1082.7582056033443,1.0
598.1354489638711,1.0
438.4407419662273,1.0
-192.92280237588395,0.0
507.36305580487345,1.0
612.8646646595714,1.0
-225.47698977509677,0.0
574.2658490132414,1.0
223.90819879667643,1.0
499.5817863199972,1.0
505.80864615362157,1.0
669.8074961033163,1.0
731.351760023515,1.0
359.05450468508826,1.0
561.0125123983973,1.0
578.7183667454735,1.0
591.6914076043452,1.0
303.50760083338787,1.0
361.0646310971978,1.0
270.0468920230662,1.0
1043.085732081516,1.0
292.17083299336673,1.0
282.5869279397589,1.0
131.99626621882177,1.0
606.708983451298,1.0
455.05755237177465,1.0
426.0165818666166,1.0
687.6788514096123,1.0
535.868366232938,1.0
639.1692515152994,1.0
539.1081799489357,1.0
262.72074632031575,1.0
558.0678894253725,1.0
827.6328439933382,1.0
300.2178560990487,1.0
613.6703943281428,1.0
442.9407048194499,1.0
232.37895810762967,1.0
469.9227572283765,1.0
845.1552959768026,1.0
302.5218147591795,1.0
505.60599771108207,1.0
605.6027464858621,1.0
285.13052354831075,1.0
826.4512197153347,1.0
837.9287261949829,1.0
938.0747914786213,1.0
798.7554836023588,1.0
391.16600316941793,1.0
450.6653035670999,1.0
566.6285702050981,1.0
390.34269740794457,1.0
776.4191299620488,1.0
208.05094688075204,1.0
167.84653880083926,1.0
543.6898954480286,1.0
1055.2825311689246,1.0
182.713644110409,1.0
478.7284947562091,1.0
-225.47698977509677,0.0
213.30105485954914,1.0
358.5172003449338,1.0
419.018590939157,1.0
412.8406790371,1.0
785.5333037814545,1.0
339.3455934390272,1.0
347.4315780349351,1.0
212.924012044861,1.0
636.4606631647927,1.0
-203.20146059521124,0.0
344.4265785760897,1.0
392.8109430762931,1.0
397.7866981139917,1.0
412.55180426069916,1.0
154.68268442028238,1.0
311.7530955881266,1.0
774.364957677998,1.0
276.3310095520091,1.0
806.9865180453445,1.0
345.22350080526303,1.0
729.9501131523062,1.0
506.3258100573536,1.0
188.5986047346626,1.0
595.1346539345002,1.0
529.3528286730768,1.0
510.77117839060907,1.0
341.17850386417587,1.0
-225.47698977509677,0.0
533.7084333488576,1.0
948.00797157176,1.0
1114.2216910553673,1.0
373.5499277939837,1.0
429.4605391782185,1.0
-214.07451332322617,0.0
834.3344875949807,1.0
404.1254231330239,1.0
477.04106589434815,1.0
619.8066628517199,1.0
500.5978586207096,1.0
441.8707840253073,1.0
231.03285407496327,1.0
518.2540515045492,1.0
330.79142810221947,1.0
1004.1214928309777,1.0
568.6323170462193,1.0
645.8818113825727,1.0
406.2899392207774,1.0
372.6540372485227,1.0
243.57771968770396,1.0
739.6068098088097,1.0
809.9054918265847,1.0
455.71657450437044,1.0
632.6439876938567,1.0
237.0954867016875,1.0
460.0162535235015,1.0
454.22713204647107,1.0
678.4873505760687,1.0
492.9928161716646,1.0
349.3633659701797,1.0
337.5957878605611,1.0
431.0096600613076,1.0
543.1287357420064,1.0
364.8347200336478,1.0
356.8793893744727,1.0
672.2688635854915,1.0
506.6541534461899,1.0
475.624973534816,1.0
326.11542975167146,1.0
806.94200113367,1.0
230.00095365851865,1.0
324.31035035968824,1.0
222.2390252702889,1.0
248.35678388040355,1.0
615.7853677783548,1.0
435.22666960415313,1.0
637.550018778242,1.0
245.37255468115524,1.0
872.3712154301619,1.0
450.38180286426757,1.0
493.67011494588365,1.0
283.81313099490376,1.0
530.9560385110854,1.0
608.2847562252781,1.0
215.41385291966952,1.0
319.9439597854007,1.0
404.86709130974106,1.0
543.8194810706307,1.0
693.7010123724948,1.0
342.82235815734913,1.0
334.24413726469356,1.0
541.0986734713199,1.0
653.2685767934087,1.0
567.9582556241375,1.0
998.0536958737978,1.0
552.8903823122147,1.0
469.61091504887077,1.0
240.1068165659951,1.0
-160.34553603436632,0.0
301.4900532792868,1.0
1028.2316073000827,1.0
630.2121327826003,1.0
-213.41169069669607,0.0
265.9620172609672,1.0
282.333982669308,1.0
1064.5682501706326,1.0
1185.5123425925576,1.0
952.594067778557,1.0
1148.8498038984999,1.0
-208.46756246808502,0.0
864.7335084504276,1.0
594.1816160146807,1.0
463.95691754606145,1.0
280.2518630542449,1.0
261.01953465387834,1.0
621.0379756295744,1.0
650.2743125758914,1.0
536.2975577527142,1.0
483.1554646484368,1.0
762.62902587808,1.0
382.41851829911474,1.0
427.0307326563739,1.0
407.84982726665623,1.0
266.23747354636043,1.0
521.5928146807947,1.0
384.05754334402593,1.0
558.1540677793606,1.0
564.2051113251941,1.0
534.651722991603,1.0
541.8846767273268,1.0
385.3403870086088,1.0
593.1188069374526,1.0
415.1626314068424,1.0
598.4044583237782,1.0
791.613087604292,1.0
269.09789981648186,1.0
956.1884714317591,1.0
213.710580464979,1.0
343.29774972446273,1.0
541.1610917526016,1.0
-184.65013220265908,0.0
852.5951876573868,1.0
768.7462849631313,1.0
536.5179254617261,1.0
517.7200397873767,1.0
890.8550555373496,1.0
560.8056938278846,1.0
930.7048348261495,1.0
349.56199053845137,1.0
580.5349532767875,1.0
291.6766205760889,1.0
843.6296574844696,1.0
359.1080639479834,1.0
937.7237639712044,1.0
347.1117317108354,1.0
531.9265892019238,1.0
803.0862399862791,1.0
-198.29685135115346,0.0
373.4808467294377,1.0
883.6726760440001,1.0
407.28197899782845,1.0
257.9231012704029,1.0
896.917616484352,1.0
536.7330643984561,1.0
886.0316950714206,1.0
-213.86235444428354,0.0
644.5112150626212,1.0
758.5004842475477,1.0
541.7024413634934,1.0
418.9258284168788,1.0
427.1364850598326,1.0
311.64914939596366,1.0
662.6435503541218,1.0
857.0105329506808,1.0
239.18348972711857,1.0
599.0068948432887,1.0
344.6689381777143,1.0
403.23887469456827,1.0
137.2284843232776,1.0
753.9459585018857,1.0
743.4327573760463,1.0
440.99259945703835,1.0
540.6934609516389,1.0
1081.6978411978482,1.0
464.0480854066143,1.0
-225.47698977509677,0.0
551.8333401813134,1.0
244.65009236617095,1.0
652.2401560300351,1.0
431.26456464768967,1.0
260.9231349212986,1.0
732.0194478867338,1.0
616.4910896132061,1.0
385.3654868259881,1.0
660.3334879974992,1.0
440.8239226343289,1.0
941.2685762143122,1.0
636.7827393249811,1.0
397.7972877459948,1.0
1069.4685824757494,1.0
523.6965515691431,1.0
875.6083282367831,1.0
713.6494637904229,1.0
434.16091827063366,1.0
898.6013899872928,1.0
495.84515639164835,1.0
531.9910356380882,1.0
480.70239050072416,1.0
-205.8789977366535,0.0
694.4924371540125,1.0
908.4067067959787,1.0
533.6274727323838,1.0
1052.4302921794713,1.0
513.9466883779374,1.0
675.8348025938517,1.0
-212.66933332915755,0.0
297.00424107331867,1.0
886.7571348306795,1.0
909.348253252929,1.0
423.6657731870418,1.0
857.2659220971984,1.0
83.7003033609027,1.0
372.3221742841341,1.0
475.7439506101223,1.0
511.01219639721506,1.0
548.5704210357512,1.0
628.3336144852285,1.0
959.161890632078,1.0
902.3687969191981,1.0
502.27567130234246,1.0
425.0506139033232,1.0
362.771765261845,1.0
517.5287504243399,1.0
367.85738150946133,1.0
477.86043072585767,1.0
504.16601760886397,1.0
520.441709456112,1.0
678.2219575834712,1.0
302.0892417725679,1.0
596.0498521645148,1.0
-213.80366205858454,0.0
-225.47698977509677,0.0
427.95040367907507,1.0
198.3435081058526,1.0
514.1247430070921,1.0
-225.47698977509677,0.0
392.95273003604507,1.0
316.2482882594877,1.0
493.75518390301517,1.0
455.95200568839596,1.0
346.24955237800714,1.0
575.9264882874701,1.0
1097.2072217453738,1.0
392.5372789675019,1.0
570.9029111807881,1.0
418.69420793511625,1.0
405.844229315394,1.0
446.8419097654388,1.0
477.549371109428,1.0
477.0256657776609,1.0
503.2554080337546,1.0
675.6978192361705,1.0
846.9608805567133,1.0
608.4759827694643,1.0
339.61048657353797,1.0
343.65581446319555,1.0
365.18023697045135,1.0
276.9351060424037,1.0
435.72895884800914,1.0
833.425600212201,1.0
-211.0655648685189,0.0
313.4147261873283,1.0
260.195506015733,1.0
556.2818148148657,1.0
529.8017966253592,1.0
719.9663061893567,1.0
163.7666273188623,1.0
715.2433311760545,1.0
469.10697654493964,1.0
553.0345884162135,1.0
341.2253028771936,1.0
206.65065357654913,1.0
150.6284022893192,1.0
545.8164087144323,1.0
684.5982462101967,1.0
415.1637127617561,1.0
456.3983321902385,1.0
412.0462972391286,1.0
573.051398868226,1.0
636.9601733344721,1.0
770.6022761383048,1.0
476.9956897073653,1.0
-209.67542553222574,0.0
527.0425519215754,1.0
286.4664107673356,1.0
367.815302914811,1.0
800.0011284564924,1.0
983.1785486202801,1.0
1064.2287984560946,1.0
439.3825687286546,1.0
140.34061611596962,1.0
900.6130502849273,1.0
784.5944482973322,1.0
489.181634250585,1.0
627.3753634457765,1.0
274.87558401144196,1.0
286.55862322835475,1.0
373.1322508678709,1.0
747.0709678004805,1.0
435.01427964725457,1.0
441.08043459944656,1.0
821.7027592669807,1.0
-214.26386282955468,0.0
677.6078224706367,1.0
378.4301339257096,1.0
274.49899193360284,1.0
696.0776775719762,1.0
573.8078735553318,1.0
938.5009288219825,1.0
308.15578269316256,1.0
498.54408553386907,1.0
465.00647746037583,1.0
475.46875964870213,1.0
220.73955344950747,1.0
-215.701091156479,0.0
-225.47698977509677,0.0
500.81552538803265,1.0
319.21609676038173,1.0
243.65739513263998,1.0
394.7332837621686,1.0
494.6767161670119,1.0
588.9252968027405,1.0
293.22369444487623,1.0
638.4949158025535,1.0
656.6107089279201,1.0
866.1517196373802,1.0
835.859815583283,1.0
297.23041323745093,1.0
512.1337323603661,1.0
375.88693240840547,1.0
653.8425334168936,1.0
553.48200986923,1.0
257.6681511033335,1.0
465.46726049638073,1.0
499.5484792741441,1.0
-168.5600645789147,0.0
621.4858674881712,1.0
731.6220165174918,1.0
701.1408210187054,1.0
766.1541845272592,1.0
836.5949752091655,1.0
998.2691030504774,1.0
281.79785310492736,1.0
354.95337226548384,1.0
639.6629728197869,1.0
350.423607133059,1.0
391.1280333568779,1.0
551.0500798144782,1.0
224.1233166022744,1.0
917.987892681632,1.0
715.9609771563177,1.0
668.6092738237808,1.0
475.3282342805818,1.0
495.34716216959305,1.0
538.3870991221964,1.0
366.31504162811063,1.0
378.9564151650225,1.0
250.47355704203807,1.0
294.85294528648075,1.0
346.73443708640315,1.0
576.2696316557901,1.0
456.7355386553291,1.0
726.175386109758,1.0
371.7961982038019,1.0
452.2655081636578,1.0
483.75429182158973,1.0
322.97782755165906,1.0
341.6984122009386,1.0
711.3701396499209,1.0
-177.83844176341375,0.0
393.7143662232061,1.0
758.1874020254907,1.0
606.9409954919257,1.0
612.8792817674465,1.0
674.0496630330501,1.0
688.0244671682237,1.0
764.5578464170436,1.0
58.23838499086881,1.0
381.9967779607263,1.0
521.0891982826216,1.0
549.1963950525959,1.0
916.4492602822263,1.0
-211.24154267123552,0.0
806.0318726556955,1.0
571.0854662751395,1.0
402.18832839732266,1.0
608.0952030608839,1.0
795.3536354511965,1.0
372.2759157887728,1.0
740.2579854206102,1.0
791.7974897544141,1.0
-189.59925157423106,0.0
378.46731601800474,1.0
1040.2080771965607,1.0
-175.36496517558632,0.0
426.5891665513232,1.0
121.09514221539145,1.0
540.6759170964517,1.0
607.3715322597917,1.0
519.0780155693163,1.0
201.47847068877473,1.0
489.0962848655864,1.0
582.4216684220356,1.0
373.2121004872531,1.0
498.9551856854219,1.0
497.2070359262106,1.0
-167.30957592599344,0.0
524.5830613929384,1.0
233.98009529275967,1.0
193.78314330009601,1.0
649.6289401708559,1.0
536.5952515064647,1.0
1000.153080569496,1.0
527.1725168613057,1.0
520.8319749214172,1.0
768.1182065008521,1.0
484.89836618389995,1.0
566.3602955064237,1.0
398.2755402509146,1.0
176.16772502318273,1.0
119.84995992177355,1.0
942.2359531524945,1.0
1193.9041938467121,1.0
888.3774287742003,1.0
447.83105197451886,1.0
863.3543774172774,1.0
650.2077052872572,1.0
519.6669095111772,1.0
561.9423971729889,1.0
805.0005203503041,1.0
748.7781397902638,1.0
126.39030258508409,1.0
684.0228907466276,1.0
827.1388091267557,1.0
730.6555255957425,1.0
435.6484690323588,1.0
415.0267225516604,1.0
740.9174252782879,1.0
347.7565024644372,1.0
605.9710225896696,1.0
939.6284097500433,1.0
546.091690902276,1.0
592.1010683709466,1.0
695.3670066452885,1.0
390.3248860225985,1.0
478.88702844088834,1.0
165.33651259063967,1.0
494.8565564787329,1.0
655.2732869782942,1.0
707.7856173826447,1.0
237.0374251342002,1.0
278.7996463997468,1.0
327.3708974715113,1.0
261.0182601724051,1.0
850.8025657512633,1.0
495.5623373492485,1.0
-204.06483870561615,0.0
437.4771751281479,1.0
447.5428876572332,1.0
623.223733037481,1.0
556.550414370156,1.0
484.78583375050664,1.0
533.6088530523548,1.0
715.6427888609467,1.0
406.9142910031191,1.0
508.3911532902161,1.0
419.3951934981989,1.0
747.7070325189399,1.0
600.7035043908483,1.0
364.08578945176976,1.0
468.8502784590191,1.0
943.6322432897259,1.0
757.8211823596744,1.0
558.3749385169682,1.0
407.96423190474775,1.0
432.99303713730944,1.0
479.70330310553146,1.0
449.1336330569086,1.0
391.7468475481605,1.0
748.5698607145636,1.0
238.05964707842134,1.0
917.3692341594684,1.0
436.78236114017,1.0
880.519287371247,1.0
826.6825959908379,1.0
900.7209369243798,1.0
-216.68205274704275,0.0
-215.59884639723685,0.0
679.9512629091568,1.0
310.5814968737644,1.0
285.5776814594448,1.0
229.0161922720864,1.0
633.8460791931942,1.0
396.8863698178246,1.0
831.8398741127231,1.0
405.439285298893,1.0
666.3500896875191,1.0
868.877026429947,1.0
963.5890780992017,1.0
740.4810927458544,1.0
-184.57215134190398,0.0
521.6301534099634,1.0
-225.47698977509677,0.0
418.51616047421055,1.0
394.5924488257386,1.0
508.1692430591017,1.0
709.0393780375223,1.0
611.7633232084229,1.0
439.3792422451453,1.0
455.9003935689823,1.0
343.88727657168835,1.0
494.3974416529615,1.0
650.274653118475,1.0
304.3036710459078,1.0
1098.8607048570998,1.0
816.445281707395,1.0
739.719161224864,1.0
399.922098720491,1.0
1179.0458059368304,1.0
300.103284696438,1.0
216.77095809670058,1.0
819.1762280367109,1.0
93.9296228064959,1.0
617.594956407777,1.0
219.47819177079884,1.0
516.1858761406496,1.0
330.30308729598045,1.0
570.0130867719122,1.0
287.04222064761296,1.0
491.55097153782935,1.0
663.2714243484376,1.0
202.27816650974293,1.0
957.957292060364,1.0
550.95542702802,1.0
504.8918319500644,1.0
321.5880657485974,1.0
737.4175138945155,1.0
624.021309864931,1.0
907.271562308297,1.0
843.5276775617256,1.0
583.8022533889213,1.0
233.30179016325835,1.0
389.7920417399095,1.0
801.5541267978622,1.0
551.7794219427514,1.0
1089.1373755040163,1.0
576.9686722392782,1.0
667.561350511113,1.0
449.2972562484461,1.0
550.6346931495481,1.0
384.96067731967173,1.0
609.0097048782744,1.0
302.04019580332795,1.0
387.9515136207216,1.0
524.7549858649343,1.0
483.7397033417872,1.0
217.63802958647238,1.0
862.5910318323107,1.0
871.8980640895884,1.0
510.928818554369,1.0
176.29060663691516,1.0
648.751745249554,1.0
614.2403112085151,1.0
609.7899580770327,1.0
323.859842697578,1.0
975.3128301779294,1.0
360.5975442982002,1.0
411.8872120174147,1.0
937.6055009816322,1.0
430.0014683563246,1.0
246.49971437383425,1.0
539.477311884023,1.0
960.6708379292426,1.0
-208.37258965177966,0.0
343.88421241909015,1.0
513.0378433808705,1.0
447.94873856696904,1.0
559.8283414264872,1.0
-216.5078432528701,0.0
1281.381211281458,1.0
674.115117497204,1.0
352.30358500707536,1.0
921.3168868021727,1.0
240.4708961574907,1.0
526.6191182673448,1.0
786.2317686098233,1.0
429.88309988911095,1.0
347.7197287112436,1.0
-207.55483028660302,0.0
448.2788343626596,1.0
376.3808564593202,1.0
659.5274518312441,1.0
421.1995838307688,1.0
821.5349729121203,1.0
339.12853355590045,1.0
388.26898487869033,1.0
475.86313669659694,1.0
638.9949948854842,1.0
-204.76884927086314,0.0
392.3228296659299,1.0
286.82612431302704,1.0
612.7513850921623,1.0
299.95249326982065,1.0
709.3179156524901,1.0
473.1115120763826,1.0
787.9159141157112,1.0
548.2874359829603,1.0
-201.5993610887362,0.0
733.2668337276574,1.0
582.9515424223889,1.0
562.1079066951671,1.0
365.55614417921294,1.0
510.6137233472701,1.0
678.7031131160502,1.0
360.5256629256171,1.0
702.8123935548768,1.0
622.1167152154322,1.0
644.0375855745054,1.0
544.5891228151696,1.0
525.7208014358257,1.0
606.6752794239632,1.0
478.5087435598155,1.0
889.2959848639314,1.0
431.22638850860284,1.0
486.2809248866904,1.0
588.3910796210555,1.0
513.0811312598761,1.0
1058.2339950108542,1.0
-206.93526197047493,0.0
623.5375233920463,1.0
493.84154929883476,1.0
622.006772071199,1.0
532.315420174056,1.0
325.9115062954437,1.0
373.4576506179494,1.0
725.6639166874783,1.0
687.3760033159743,1.0
507.598060661693,1.0
612.6076508465299,1.0
445.1226387867943,1.0
282.7679229806663,1.0
668.006108506404,1.0
202.9507174791379,1.0
405.9502623764336,1.0
1027.846964603637,1.0
480.51404306999586,1.0
337.7680255424813,1.0
512.3104579864735,1.0
448.6962502669929,1.0
375.62590194578326,1.0
531.1751362612026,1.0
-197.90104530903585,0.0
855.904796177165,1.0
722.7730878585645,1.0
-201.05215492506008,0.0
320.86413019539174,1.0
-215.25229507181595,0.0
864.1244151680274,1.0
632.3882781852108,1.0
806.7456559645914,1.0
278.83710422819775,1.0
624.4149055874224,1.0
450.62079042768715,1.0
650.0072300706782,1.0
399.8426442535759,1.0
537.2274167206128,1.0
451.71142487283964,1.0
258.87443020061556,1.0
681.7744813871593,1.0
867.5784762837357,1.0
438.65271093021045,1.0
553.2777780690675,1.0
406.1548897605421,1.0
285.71340381867407,1.0
544.7673826899177,1.0
458.9459956384492,1.0
510.1499328189548,1.0
489.3864714144918,1.0
585.3765532606684,1.0
610.845303024153,1.0
258.02627095219464,1.0
514.6482884652842,1.0
950.5210804280092,1.0
878.337097048122,1.0
309.7051622667558,1.0
851.4747055124427,1.0
841.0596834106724,1.0
79.92616446684849,1.0
312.2102301442301,1.0
455.87724466818946,1.0
341.80688890068865,1.0
551.5619684234637,1.0
531.1261006642465,1.0
797.8299670803204,1.0
499.4683767586273,1.0
171.53349825112315,1.0
379.82342846686396,1.0
517.3746683675533,1.0
380.1736246752135,1.0
581.2217706861028,1.0
453.83239123089817,1.0
-185.0947798244219,0.0
499.6552055761429,1.0
421.903091577058,1.0
307.5250187477892,1.0
-207.59258096261226,0.0
780.0139769448658,1.0
875.5419808572005,1.0
278.12068066688624,1.0
714.6125405571885,1.0
323.33403451530944,1.0
469.666788388518,1.0
692.3945790456045,1.0
1129.3527791016493,1.0
332.47988658629777,1.0
444.65975761309994,1.0
1282.470847002783,1.0
784.5205637912164,1.0
360.25210369246366,1.0
595.3525069331278,1.0
204.67827123393621,1.0
202.31989747364977,1.0
300.71307426627453,1.0
274.74581587904595,1.0
259.30134354518674,1.0
589.8680345794788,1.0
833.2320356936859,1.0
378.87279809938855,1.0
386.42767714064104,1.0
604.2859558430234,1.0
471.1623292989965,1.0
809.7292251132611,1.0
315.3222165941202,1.0
798.8180084039807,1.0
562.7597762413817,1.0
680.5977089722414,1.0
404.1165739486018,1.0
842.1654688535314,1.0
545.6876501017585,1.0
919.1789173694951,1.0
519.7517960907426,1.0
237.6100373129196,1.0
394.6571846002688,1.0
874.958119034599,1.0
253.67086540693322,1.0
271.189708008444,1.0
375.09568147105784,1.0
593.3550801298529,1.0
1248.9258513050179,1.0
605.3384951819025,1.0
847.3776027321928,1.0
358.0074457088096,1.0
344.74854452093587,1.0
551.633390478811,1.0
376.08194244380496,1.0
600.8131793783633,1.0
857.3832616844579,1.0
550.4917295640472,1.0
76.38238450022686,1.0
854.0426175628684,1.0
295.30849142269375,1.0
770.4043459907568,1.0
394.8029068950548,1.0
197.92675999335282,1.0
486.70480255645344,1.0
323.4521210592836,1.0
-225.47698977509677,0.0
417.14183944658936,1.0
585.8452181641285,1.0
577.2589388420962,1.0
470.1172036584424,1.0
516.3407884615057,1.0
425.38140162501026,1.0
196.99280335812307,1.0
812.9175677786673,1.0
533.3876803010568,1.0
264.46002508355025,1.0
241.58954565729906,1.0
282.9059615419732,1.0
491.9631301170961,1.0
712.0145309692274,1.0
630.0857990571054,1.0
504.9801889401207,1.0
426.49708937669897,1.0
765.0755214392346,1.0
318.3129083438112,1.0
439.9145625145577,1.0
712.668938897805,1.0
803.7057873516459,1.0
732.9412623249932,1.0
433.58753069310876,1.0
857.7543294167648,1.0
843.176062654529,1.0
304.16951700500505,1.0
-214.89433906008793,0.0
-225.47698977509677,0.0
963.1433438656567,1.0
942.7019187991372,1.0
1068.6109707252388,1.0
511.8611915390278,1.0
289.3712384383261,1.0
377.22390186235674,1.0
856.9206961747606,1.0
208.15700365252414,1.0
-214.59340647989535,0.0
-217.63843665644828,0.0
136.86869826477871,1.0
639.7265671711149,1.0
1142.9593211672504,1.0
474.68497728045105,1.0
593.5174471369808,1.0
445.52264329026957,1.0
1038.1574981050103,1.0
251.377339038083,1.0
441.9703107179893,1.0
420.8352261365937,1.0
488.45168972419185,1.0
356.5534096343827,1.0
661.4751958225842,1.0
946.6933622821475,1.0
273.5648274385902,1.0
561.3962251668967,1.0
468.2814936495494,1.0
340.05384228620574,1.0
750.2166202910503,1.0
280.4473262194296,1.0
458.29155554933163,1.0
601.4047811305348,1.0
278.7146442583635,1.0
170.29638924800324,1.0
533.3296808965858,1.0
471.08246277245684,1.0
254.92429630853584,1.0
342.5743345259269,1.0
264.0254687866304,1.0
298.43510821256393,1.0
618.6989319619099,1.0
786.2168405037125,1.0
856.4360316199853,1.0
849.6597083882418,1.0
472.07599162715496,1.0
315.08996119698537,1.0
864.8185595386291,1.0
305.72859808939415,1.0
632.3290626911863,1.0
578.3918595864973,1.0
-213.96086387767696,0.0
696.6747388662384,1.0
398.4107551000593,1.0
289.8340231987337,1.0
784.3913254931557,1.0
353.08615983736524,1.0
721.7634247682613,1.0
563.9181076637155,1.0
506.38267928765987,1.0
484.7314158108778,1.0
671.0857347623494,1.0
550.1311013570645,1.0
277.1697236014818,1.0
669.0121323809755,1.0
522.3614297698521,1.0
267.1256208923412,1.0
627.4159307927399,1.0
792.0485131709502,1.0
521.206436300138,1.0
489.5577225792348,1.0
12.64632417490659,1.0
675.7864799069872,1.0
466.6087228139109,1.0
418.3617749658254,1.0
935.7797738827715,1.0
656.6807063318444,1.0
756.6533728427999,1.0
655.7038988088451,1.0
869.3642635773921,1.0
212.32717148174564,1.0
-214.50433471550429,0.0
-197.0792525548693,0.0
278.041656370848,1.0
683.8664224989918,1.0
458.87564072172876,1.0
1042.306750087423,1.0
651.2435612549785,1.0
522.5043135059088,1.0
786.7242269793469,1.0
456.45698425621674,1.0
630.9021406510612,1.0
665.8644342161173,1.0
239.97844802299846,1.0
455.88327407109136,1.0
666.318349500063,1.0
361.1960825747937,1.0
837.111609839103,1.0
576.0259164363376,1.0
874.447268398501,1.0
428.6291388187308,1.0
-225.47698977509677,0.0
569.9702661371397,1.0
769.8725485378819,1.0
360.39380999655606,1.0
452.33926129122386,1.0
316.20531862654036,1.0
316.61579399251417,1.0
267.5657367683426,1.0
872.9097035001362,1.0
442.8082089461556,1.0
332.9233237337628,1.0
576.2843769353482,1.0
853.0652312052239,1.0
-163.10426844783288,0.0
741.3451607633295,1.0
168.97387927592092,1.0
-195.1648157818946,0.0
432.8441250495322,1.0
724.40786041203,1.0
559.2371981353607,1.0
546.2530221134506,1.0
309.10231757619624,1.0
170.16144530732726,1.0
305.9730961337129,1.0
536.2462326892193,1.0
486.60449044599534,1.0
423.05880945052525,1.0
854.9359957463549,1.0
736.360522167335,1.0
553.5435683698462,1.0
482.4887826870683,1.0
668.3784072366157,1.0
459.1694439881856,1.0
227.0622038254216,1.0
880.9227546711862,1.0
488.3553355602844,1.0
526.5920044686837,1.0
475.95851728237113,1.0
322.95855045987025,1.0
218.63494043752206,1.0
855.5351457347166,1.0
593.5336299215854,1.0
714.0336318551758,1.0
628.7570650292158,1.0
649.2285777896157,1.0
431.39147913485004,1.0
380.96943180532793,1.0
469.6378915040723,1.0
832.4196803094675,1.0
471.9191273673831,1.0
399.4902670182166,1.0
561.6519534759794,1.0
762.7516725401276,1.0
146.71336260924068,1.0
455.0583283345839,1.0
502.73092482578056,1.0
243.85707367545513,1.0
338.4558050750639,1.0
319.2563875860806,1.0
587.1432685973016,1.0
351.64322938432343,1.0
624.8662997762159,1.0
518.105103374175,1.0
299.5233281687179,1.0
285.1706128606988,1.0
220.01240652454612,1.0
626.8163138905828,1.0
545.1474111854236,1.0
626.9793774311602,1.0
658.0152618799872,1.0
1139.8536451234847,1.0
456.06436952672743,1.0
419.6339843742071,1.0
374.24218370145866,1.0
581.5606047413445,1.0
337.52953014589616,1.0
410.0032651165464,1.0
503.63797836504676,1.0
460.96609081145715,1.0
-216.7161674515836,0.0
350.55619130702917,1.0
560.6710911942797,1.0
313.4086506428087,1.0
445.0688505750828,1.0
249.54099083784718,1.0
658.7544193778979,1.0
503.69448706919377,1.0
768.4350436400172,1.0
721.8547782843578,1.0
633.3255732539078,1.0
542.3996667124529,1.0
285.27261078690543,1.0
191.67869298460099,1.0
946.1894811692074,1.0
-182.15209376149153,0.0
-216.854394578291,0.0
471.6907788383451,1.0
585.9775756506835,1.0
105.99067130195434,1.0
697.963995877986,1.0
630.7681708213222,1.0
424.4167540189541,1.0
718.3115661612377,1.0
1085.6933578975109,1.0
420.7615975614146,1.0
169.5839211522841,1.0
404.4872830977272,1.0
412.71292934915755,1.0
324.25696677479,1.0
502.7814433588643,1.0
310.4711020774295,1.0
780.1732023689409,1.0
501.75782563132583,1.0
489.784425875284,1.0
185.1840797898195,1.0
570.1195542033848,1.0
419.933234089858,1.0
253.50518309475103,1.0
234.6358515210363,1.0
379.85339529813933,1.0
588.3629759994776,1.0
495.25679752326675,1.0
191.27951139798034,1.0
603.9881274762134,1.0
686.25863930828,1.0
489.5351536999902,1.0
439.5131347430148,1.0
326.15334525212523,1.0
347.41059499395243,1.0
758.1528199731382,1.0
527.9701493341056,1.0
801.8461661299585,1.0
353.54337399934604,1.0
324.97115367748864,1.0
321.7496675834035,1.0
-212.40418440766945,0.0
550.4472493980013,1.0
625.7394659494086,1.0
451.4527783748951,1.0
309.400530596987,1.0
380.9971283624602,1.0
572.2778431437055,1.0
545.4509300900785,1.0
776.8215582639215,1.0
-225.47698977509677,0.0
640.3478628700277,1.0
455.9782280501552,1.0
278.6936204850008,1.0
221.29403161360406,1.0
564.6219539202157,1.0
377.699843383936,1.0
245.55214010237748,1.0
476.2616320330178,1.0
550.5315336749642,1.0
147.62787109890218,1.0
355.07201856647407,1.0
358.9201187933641,1.0
482.50186986426587,1.0
327.3555600805985,1.0
1060.1963332328864,1.0
953.3651638351143,1.0
555.4725627315061,1.0
392.50456573102616,1.0
694.8218589267531,1.0
784.0212919555127,1.0
536.7042682114258,1.0
561.7571155368955,1.0
-206.71366542252997,0.0
565.7662662384406,1.0
276.11678485068626,1.0
616.3568146813722,1.0
369.2284078292602,1.0
841.6471804086642,1.0
544.7684915981266,1.0
584.1380705177635,1.0
588.1799534487401,1.0
296.8232682981185,1.0
404.6674584246526,1.0
981.4313230818077,1.0
575.2030112020955,1.0
520.0460441932445,1.0
818.8085167887073,1.0
626.4351793760662,1.0
409.62256908939446,1.0
528.3466922445864,1.0
587.2308469275625,1.0
353.1768049047015,1.0
619.3072354350361,1.0
481.3302092386183,1.0
259.30236047458635,1.0
783.4869628691681,1.0
462.05841618254453,1.0
958.0865462349129,1.0
639.8976871117229,1.0
916.3044966053495,1.0
180.14445406323375,1.0
656.2120534256067,1.0
488.7231384379112,1.0
418.14140649105843,1.0
519.8102642012036,1.0
279.57969416962993,1.0
683.3180067991171,1.0
450.71306361026024,1.0
211.3178315696921,1.0
458.8994324702517,1.0
545.1368736901785,1.0
